[
	{ "id": "1", "resourceId": "b", "start": "2017-11-07T02:00:00", "end": "2017-11-07T07:00:00", "title": "event 1" },
	{ "id": "2", "resourceId": "c", "start": "2017-11-07T05:00:00", "end": "2017-11-07T22:00:00", "title": "event 2" },
	{ "id": "3", "resourceId": "d", "start": "2017-11-06", "end": "2017-11-08", "title": "event 3" },
	{ "id": "4", "resourceId": "e", "start": "2017-11-07T03:00:00", "end": "2017-11-07T08:00:00", "title": "event 4" },
	{ "id": "5", "resourceId": "f", "start": "2017-11-07T00:30:00", "end": "2017-11-07T02:30:00", "title": "event 5" }
]
